state_index,energy_hartree
0,-0.8964458943999131
1,0.3199738519233565
2,0.6483272874459975
3,1.9165317866927776
