{
  "mode": "tepid",
  "final_free_energy_hartree": -2.5057669800341666,
  "final_entropy": 2.948461895593192,
  "selected_operators": 20
}
