{
  "params": [
    -0.4570166221021565,
    -0.3934992856843971,
    -0.40147219803611295,
    2.1380165660981394,
    0.8629506925714597,
    0.9761953865863755,
    0.7853360734507486,
    0.7732076912342732,
    0.042500889145106135,
    -0.05635872185661675,
    -1.4378544751766906,
    -0.08409045627704073,
    0.5747812370641721,
    -0.48356631592894517,
    -0.4897172198849372,
    0.08603272886511648,
    0.03929584900491803,
    -0.10768467144578076,
    -0.06626405956112942,
    0.05092848239562449
  ],
  "ash_excitation": [
    [
      0,
      1,
      6,
      7
    ],
    [
      1,
      2,
      5,
      6
    ],
    [
      0,
      3,
      4,
      7
    ],
    [
      2,
      3,
      4,
      5
    ],
    [
      2,
      3,
      6,
      7
    ],
    [
      0,
      1,
      4,
      5
    ],
    [
      0,
      3,
      5,
      6
    ],
    [
      1,
      2,
      4,
      7
    ],
    [
      0,
      2,
      4,
      6
    ],
    [
      1,
      3,
      5,
      7
    ],
    [
      2,
      3,
      4,
      5
    ],
    [
      2,
      3,
      4,
      5
    ],
    [
      0,
      1,
      6,
      7
    ],
    [
      2,
      3,
      6,
      7
    ],
    [
      0,
      1,
      4,
      5
    ],
    [
      0,
      1,
      6,
      7
    ],
    [
      0,
      1,
      6,
      7
    ],
    [
      0,
      2,
      4,
      6
    ],
    [
      1,
      3,
      5,
      7
    ],
    [
      0,
      4
    ]
  ],
  "ansatz_type": "fermionic",
  "pool_type": "fermionic_sd",
  "metadata": {
    "free_energies": [
      -2.4526905667511536,
      -2.4592995201714665,
      -2.4665360007620545,
      -2.4837022049570323,
      -2.486551849373667,
      -2.489837380211642,
      -2.4923672921566062,
      -2.4960063239949926,
      -2.496358684361201,
      -2.496772362603672,
      -2.498068980488707,
      -2.500638708073786,
      -2.5028449912034216,
      -2.503488309126436,
      -2.5042360143736495,
      -2.5047097686027535,
      -2.5049719159681554,
      -2.5053496498133185,
      -2.505628302411337,
      -2.5057669800341666
    ],
    "basis": "sto-3g",
    "charge": 0,
    "active_electrons": 4,
    "active_orbitals": 4
  }
}
