{
  "mode": "qsceom",
  "ansatz_type": "fermionic",
  "n_roots": 27,
  "ground_state_energy_hartree": -1.9514159138551728,
  "exact_reference": {
    "n_compared": 3,
    "ground_state_error_hartree": 0.01945384439233644,
    "first_excited_error_hartree": 0.05497474170683425,
    "first_excitation_error_hartree": 0.03552089731449781,
    "second_excited_error_hartree": 0.04254209552227417,
    "second_excitation_error_hartree": 0.02308825112993773
  }
}
