{
  "mode": "tepid_qsceom",
  "tepid_final_free_energy_hartree": -2.5057669800341666,
  "tepid_final_entropy": 2.948461895593192,
  "tepid_selected_operators": 20,
  "qsceom_ground_state_energy_hartree": -1.9689784833824084,
  "qsceom_exact_reference": {
    "n_compared": 3,
    "ground_state_error_hartree": 0.0018912748651007671,
    "first_excited_error_hartree": 0.007061596365403933,
    "first_excitation_error_hartree": 0.0051703215003031655,
    "second_excited_error_hartree": 0.00015494957753081628,
    "second_excitation_error_hartree": -0.0017363252875699509
  },
  "qsceom_each_iteration": true
}
