state_index,energy_hartree,excitation_energy_hartree
0,-0.8964458943999085,0.0
1,0.31997385192335487,1.2164197463232633
2,0.6483272874459942,1.5447731818459027
3,1.9165317866927665,2.8129776810926748
