{
  "mode": "tepid_qsceom",
  "tepid_final_free_energy_hartree": -0.9069470813154418,
  "tepid_final_entropy": 0.16085134582172042,
  "tepid_selected_operators": 1,
  "qsceom_ground_state_energy_hartree": -0.8964458943999085,
  "qsceom_exact_reference": {
    "n_compared": 3,
    "ground_state_error_hartree": 4.551914400963142e-15,
    "first_excited_error_hartree": -1.609823385706477e-15,
    "first_excitation_error_hartree": -6.217248937900877e-15,
    "second_excited_error_hartree": -3.3306690738754696e-15,
    "second_excitation_error_hartree": -7.771561172376096e-15
  },
  "qsceom_each_iteration": false
}
